{
	"Transform" : {
		"Pos"  : [-100.0, -100.0],
		"Scale" : [100.0,100.0],
		"Angle" : 0.0
	},
	"Sprite" : {
		"File" : "enemy/crawler/move/tile000.png"
    },
	"Body" : {
		"AABB" : [60.0, 60.0, 60.0, 60.0]
	},
	"Animator" : {
		"Sprites" : [
			{
				"FileDir" : "res/textures/enemy/crawler/move",
				"Type" : "move",
				"Default" : true
			},
			{
				"FileDir" : "res/textures/enemy/crawler/die",
				"Type" : "die"
			}
		]
	},
	"Follow" : "true",
	"Subscriptions" : {
		"Events" : [ 1 ]
	},
	"Attributes" : {
		"TotalHP" : 20,
		"Damage" : 10
	}
}