{
	"Objects" : [
		{
			"File" : "PlayerHP.json",
			"Type" : 7
		},
		{
			"Type" : -1,
			"Transform" : {
				"Pos" : [170.0,680.0],
				"Scale" : [225.0,60.0]
			},
			"Sprite" : {
				"File" : "hpbar.png"
			}
		},
		{
			"File" : "TombstoneHP.json",
			"Type" : 9,
			"Transform" : {
				"Pos" : [200.0,145.0]
			}
		},
		{
			"File" : "TombstoneHP.json",
			"Type" : 10,
			"Transform" : {
				"Pos" : [760.0,580.0]
			}
		},
		{
			"File" : "TombstoneHPbar.json",
			"Type" : -1,
			"Transform" : {
				"Pos" : [200.0,145.0]
			}
		},
		{
			"File" : "TombstoneHPbar.json",
			"Type" : -1,
			"Transform" : {
				"Pos" : [760.0,580.0]
			}
		},
		{
			"File" : "Tombstone.json",
			"Type" : 6,
			"Transform" : {
				"Pos" : [200.0,200.0],
				"Scale" : [100.0, 100.0]
			}
		},
		{
			"File" : "Tombstone.json",
			"Type" : 6,
			"Transform" : {
				"Pos" : [760.0,520.0],
				"Scale" : [100.0, 100.0]
			}
		},
		{
			"File" : "Player.json",
			"Type" : 0,
			"Transform" : {
				"Pos" : [480.0, 360.0],
				"Scale" : [150.0, 150.0]
			}
		},
		{
			"Type" : 3,
			"Transform" : {
				"Pos"  : [95.0, 360.0],
				"Scale" : [40.0,570.0]
			},
			"Body" : {
				"AABB" : [570.0, 40.0, 570.0, 40.0]
			},
			"Sprite" : {
				"File" : "trigger.png"
			}
		},
		{
			"Type" : 3,
			"Transform" : {
				"Pos"  : [865.0, 360.0],
				"Scale" : [40.0,570.0]				
			},
			"Body" : {
				"AABB" : [570.0, 40.0, 570.0, 40.0]
			},
			"Sprite" : {
				"File" : "trigger.png"
			}
		},
		{
			"Type" : 3,
			"Transform" : {
				"Pos"  : [480.0, 625.0],
				"Scale" : [810.0,40.0]
			},
			"Body" : {
				"AABB" : [40.0, 810.0, 40.0, 810.0]
			},
			"Sprite" : {
				"File" : "trigger.png"
			}
		},
		{
			"Type" : 3,
			"Transform" : {
				"Pos"  : [480.0, 95.0],
				"Scale" : [810.0,40.0]
			},
			"Body" : {
				"AABB" : [40.0, 810.0, 40.0, 810.0]
			},
			"Sprite" : {
				"File" : "trigger.png"
			}
		}
	]
}