{
	"Transform" : {
		"Pos"  : [0.0, 0.0],
		"Scale" : [1.0,1.0],
		"Angle" : 0.0
	},
	"Sprite" : {
		"File" : "tombstone/active/idle0.png"
    },
	"Body" : {
		"AABB" : [80.0, 80.0, 80.0, 80.0]
	},
	"Animator" : {
		"Sprites" : [
			{
				"FileDir" : "res/textures/tombstone/active",
				"Type" : "active",
				"Default" : true
            },
            {
                "FileDir" : "res/textures/tombstone/destroy",
                "Type" : "destroy"
			},
			{
				"FileDir" : "res/textures/tombstone/idle",
				"Type" : "idle"
			}
		]
    },
    "Spawner" : true,
    "Attributes" : {
        "TotalHP" : 500
    }
}